,spezifischer Widerstand rho [Ohmm],Tiefe z [m],spezifische Leitfähigkeit sigma [S/m]
0,100.0,-45.0,0.01
1,100.0,-45.5,0.01
2,1100.0,-45.5,0.0009090909090909091
3,1100.0,-55.5,0.0009090909090909091
4,20.0,-55.5,0.05
5,20.0,-64.5,0.05
6,800.0,-64.5,0.00125
7,800.0,-73.0,0.00125
